<?xml version="1.0" encoding="UTF-8"?>
<faces-config xmlns="http://java.sun.com/xml/ns/javaee" 
              xmlns:xsi="http://www.w3.org/2001/XMLSchema-instance" 
              xsi:schemaLocation="http://java.sun.com/xml/ns/javaee /WEB-INF/schema/web-facesconfig_2_0.xsd" 
              version="2.0" metadata-complete="false">
    <!-- This file must be present with our jar, even if it is empty.  Otherwise, our Java annotations won't get scanned! -->
<managed-bean>
	<managed-bean-name>appointment</managed-bean-name>
   <managed-bean-class>com.java.provider.PatientAppointment</managed-bean-class>
   <managed-bean-scope>view</managed-bean-scope>
</managed-bean>
<managed-bean>
	<managed-bean-name>appointmentImpl</managed-bean-name>
   <managed-bean-class>com.java.provider.PatientAppointmentDaoImpl</managed-bean-class>
   <managed-bean-scope>view</managed-bean-scope>
</managed-bean>
<managed-bean>
	<managed-bean-name>pageDao</managed-bean-name>
    <managed-bean-class>com.java.provider.JsfPaginationBean</managed-bean-class>
    <managed-bean-scope>view</managed-bean-scope>
</managed-bean>
</faces-config>